Author,Author_Count,Journal,Journal_Count,Subject,Subject_Count
Thomas E. Novotny,4,PLoS Medicine,31,Medicine,299
Selda Ulucanlar,2,PLoS ONE,268,Immunologic diseases. Allergy,4
Gary J. Fooks,3,PLoS Pathogens,4,Genetics,1
Jenny L. Hatchard,1,PLoS Genetics,1,,
Anna B. Gilmore,6,,,,
Silvy Peeters,1,,,,
Justine Williamson,1,,,,
Christopher Proctor,1,,,,
Heide Weishaar,2,,,,
Jeff Collin,4,,,,
Katherine Smith,1,,,,
Thilo Grüning,1,,,,
Sema Mandal,2,,,,
Anna Gilmore,1,,,,
Joshua S. Yang,1,,,,
Kelley Lee,6,,,,
Katherine E. Smith,2,,,,
Gary Fooks,3,,,,
Luiz Carlos Chagas,1,,,,
Stanton A. Glantz,5,,,,
Richard Barnes,1,,,,
Sharon Y. Eubanks,1,,,,
Thomas E Novotny,1,,,,
James M Lightwood,1,,,,
Alexis Dinno,1,,,,
Stanton A Glantz,1,,,,
Lori Dorfman,1,,,,
Andrew Cheyne,1,,,,
Lissy C. Friedman,1,,,,
Asiya Wadud,1,,,,
Mark Gottlieb,1,,,,
Coral E Gartner,1,,,,
Wayne D Hall,1,,,,
Simon Chapman,2,,,,
Becky Freeman,2,,,,
Chris Holden,1,,,,
Hsien-Ho Lin,1,,,,
Majid Ezzati,1,,,,
Megan Murray,1,,,,
Tony Blakely,2,,,,
Linda J. Cobiac,2,,,,
Christine L. Cleghorn,2,,,,
Amber L. Pearson,2,,,,
Frederieke S. van der Deen,2,,,,
Giorgi Kvizhinadze,2,,,,
Nhung Nghiem,2,,,,
Melissa McLeod,2,,,,
Nick Wilson,2,,,,
Monique E Muggli,1,,,,
Quan Gan,1,,,,
Jon O Ebbert,1,,,,
Richard D Hurt,1,,,,
Thomas Land,2,,,,
Nancy A. Rigotti,2,,,,
Douglas E. Levy,3,,,,
Mark Paskowsky,2,,,,
Donna Warner,2,,,,
Jo-Ann Kwass,1,,,,
LeAnn Wetherell,2,,,,
Lois Keithly,2,,,,
Sanjay Basu,2,,,,
Stanton Glantz,2,,,,
Asaf Bitton,1,,,,
Christopher Millett,3,,,,
Louisa Degenhardt,1,,,,
Wai-Tat Chiu,1,,,,
Nancy Sampson,1,,,,
Ronald C Kessler,1,,,,
James C Anthony,1,,,,
Matthias Angermeyer,1,,,,
Ronny Bruffaerts,1,,,,
Giovanni de Girolamo,1,,,,
Oye Gureje,1,,,,
Yueqin Huang,1,,,,
Aimee Karam,1,,,,
Stanislav Kostyuchenko,1,,,,
Jean Pierre Lepine,1,,,,
Maria Elena Medina Mora,1,,,,
Yehuda Neumark,1,,,,
J. Hans Ormel,1,,,,
Alejandra Pinto-Meza,1,,,,
José Posada-Villa,1,,,,
Dan J Stein,1,,,,
Tadashi Takeshima,1,,,,
J. Elisabeth Wells,1,,,,
David Stuckler,1,,,,
Martin McKee,1,,,,
Shah Ebrahim,1,,,,
Rachel Ann Barry,1,,,,
Jurgita Saulyte,1,,,,
Carlos Regueira,1,,,,
Agustín Montes-Martínez,1,,,,
Polyna Khudyakov,1,,,,
Bahi Takkouche,1,,,,
Wei Zheng,1,,,,
Dale F. McLerran,1,,,,
Betsy A. Rolland,1,,,,
Zhenming Fu,1,,,,
Paolo Boffetta,1,,,,
Jiang He,1,,,,
Prakash Chandra Gupta,1,,,,
Kunnambath Ramadas,1,,,,
Shoichiro Tsugane,1,,,,
Fujiko Irie,1,,,,
Akiko Tamakoshi,1,,,,
Yu-Tang Gao,1,,,,
Woon-Puay Koh,1,,,,
Xiao-Ou Shu,1,,,,
Kotaro Ozasa,1,,,,
Yoshikazu Nishino,1,,,,
Ichiro Tsuji,1,,,,
Hideo Tanaka,1,,,,
Chien-Jen Chen,1,,,,
Jian-Min Yuan,1,,,,
Yoon-Ok Ahn,1,,,,
Keun-Young Yoo,1,,,,
Habibul Ahsan,2,,,,
Wen-Harn Pan,1,,,,
You-Lin Qiao,1,,,,
Dongfeng Gu,1,,,,
Mangesh Suryakant Pednekar,1,,,,
Catherine Sauvaget,1,,,,
Norie Sawada,1,,,,
Toshimi Sairenchi,1,,,,
Gong Yang,1,,,,
Renwei Wang,1,,,,
Yong-Bing Xiang,1,,,,
Waka Ohishi,1,,,,
Masako Kakizaki,1,,,,
Takashi Watanabe,1,,,,
Isao Oze,1,,,,
San-Lin You,1,,,,
Yumi Sugawara,1,,,,
Lesley M. Butler,1,,,,
Dong-Hyun Kim,1,,,,
Sue K. Park,1,,,,
Faruque Parvez,2,,,,
Shao-Yuan Chuang,1,,,,
Jin-Hu Fan,1,,,,
Chen-Yang Shen,1,,,,
Yu Chen,2,,,,
Eric J. Grant,1,,,,
Jung Eun Lee,1,,,,
Rashmi Sinha,1,,,,
Keitaro Matsuo,1,,,,
Mark Thornquist,1,,,,
Manami Inoue,1,,,,
Ziding Feng,1,,,,
Daehee Kang,1,,,,
John D. Potter,1,,,,
Crystal E. Tan,1,,,,
Thomas Kyriss,1,,,,
David Levy,1,,,,
Liz Maria de Almeida,1,,,,
Andre Szklo,1,,,,
Rachel Brathwaite,1,,,,
Juliet Addo,1,,,,
Liam Smeeth,1,,,,
Karen Lock,1,,,,
Abu S. Abdullah,2,,,,
Pete Driezen,2,,,,
Ummul H. Ruthbah,2,,,,
Nigar Nargis,2,,,,
Anne C. K. Quah,2,,,,
Geoffrey T. Fong,2,,,,
Krishna M. Palipudi,1,,,,
Prakash C. Gupta,5,,,,
Dhirendra N. Sinha,1,,,,
Linda J. Andes,1,,,,
Samira Asma,1,,,,
Tim McAfee,1,,,,
on behalf of the GATS Collaborative Group ,1,,,,
Martine Stead,2,,,,
Crawford Moodie,1,,,,
Kathryn Angus,1,,,,
Linda Bauld,1,,,,
Ann McNeill,2,,,,
James Thomas,1,,,,
Gerard Hastings,1,,,,
Kate Hinds,1,,,,
Alison O'Mara-Eves,1,,,,
Irene Kwan,1,,,,
Richard I. Purves,1,,,,
Stuart L. Bryce,1,,,,
Akansha Singh,1,,,,
Laishram Ladusingh,1,,,,
Mary E. Thompson,1,,,,
A. K. M. Ghulam Hussain,1,,,,
Zhong Chen,1,,,,
Daniel R. Gallie,1,,,,
Patricia A. McDaniel,2,,,,
Ruth E. Malone,2,,,,
Zhuo Chen,1,,,,
Mengjiao Zeng,1,,,,
Baoan Song,1,,,,
Chengrui Hou,1,,,,
Deyu Hu,1,,,,
Xiangyang Li,1,,,,
Zhenchao Wang,1,,,,
Huitao Fan,1,,,,
Liang Bi,1,,,,
Jiaju Liu,1,,,,
Dandan Yu,1,,,,
Linhong Jin,1,,,,
Song Yang,1,,,,
Valentin Flaudias,1,,,,
Marie Christine Picot,1,,,,
Jorge Lopez-Castroman,1,,,,
Pierre-Michel Llorca,1,,,,
Audrey Schmitt,1,,,,
Jean Perriot,1,,,,
Vera Georgescu,1,,,,
Philippe Courtet,1,,,,
Xavier Quantin,1,,,,
Sébastien Guillaume,1,,,,
Fan Wang,1,,,,
Pinpin Zheng,1,,,,
Dongyun Yang,1,,,,
Hua Fu,1,,,,
Liang Fang,1,,,,
Robert H. A. Coutts,1,,,,
Fen Wu,1,,,,
Stephanie Segers,1,,,,
Maria Argos,1,,,,
Tariqul Islam,1,,,,
Alauddin Ahmed,1,,,,
Muhammad Rakibuz-Zaman,1,,,,
Rabiul Hasan,1,,,,
Golam Sarwar,1,,,,
Qiang Fu,1,,,,
Michael G. Vaughn,1,,,,
Li-Tzy Wu,1,,,,
Andrew C. Heath,1,,,,
Anna Villar-Piqué,1,,,,
Raimon Sabaté,1,,,,
Oriol Lopera,1,,,,
Jordi Gibert,1,,,,
Josep Maria Torne,1,,,,
Mireya Santos,1,,,,
Salvador Ventura,1,,,,
Natalia Goldstein-Daruech,1,,,,
Emily K. Cope,1,,,,
Ke-Qing Zhao,1,,,,
Katarina Vukovic,1,,,,
Jennifer M. Kofonow,1,,,,
Laurel Doghramji,1,,,,
Bernardo González,1,,,,
Alexander G. Chiu,1,,,,
David W. Kennedy,1,,,,
James N. Palmer,1,,,,
Jeffery G. Leid,1,,,,
James L. Kreindler,1,,,,
Noam A. Cohen,1,,,,
Ailsa J. McKay,1,,,,
Raju K. K. Patel,1,,,,
Azeem Majeed,1,,,,
Patrick Richard,1,,,,
Kristina West,1,,,,
Leighton Ku,1,,,,
Francesco Bogliacino,1,,,,
Cristiano Codagnone,1,,,,
Giuseppe Alessandro Veltri,1,,,,
Amitav Chakravarti,1,,,,
Pietro Ortoleva,1,,,,
George Gaskell,1,,,,
Andriy Ivchenko,1,,,,
Francisco Lupiáñez-Villanueva,1,,,,
Francesco Mureddu,1,,,,
Caroline Rudisill,1,,,,
Josef Shargorodsky,1,,,,
Esther Garcia-Esquinas,1,,,,
Iñaki Galán,1,,,,
Ana Navas-Acien,1,,,,
Sandra Y. Lin,1,,,,
Chunhua Cao,2,,,,
Jianhua Chen,2,,,,
Chengqi Lyu,2,,,,
Jia Yu,2,,,,
Wei Zhao,2,,,,
Yi Wang,2,,,,
Derong Zou,2,,,,
Yue Xu,1,,,,
ShuiYang Xu,1,,,,
QingQing Wu,1,,,,
YuJie Guo,1,,,,
Mohammed Jawad,3,,,,
Rana Charide,1,,,,
Reem Waziry,1,,,,
Andrea Darzi,1,,,,
Rami A. Ballout,1,,,,
Elie A. Akl,1,,,,
Balaji Jada,1,,,,
Arto J. Soitamo,1,,,,
Shahid Aslam Siddiqui,1,,,,
Gayatri Murukesan,1,,,,
Eva-Mari Aro,1,,,,
Tapio Salakoski,1,,,,
Kirsi Lehto,1,,,,
Papia Sultana,1,,,,
Md. Tahidur Rahman,1,,,,
Dulal Chandra Roy,1,,,,
Shamima Akter,1,,,,
Jenny Jung,1,,,,
Md. Mizanur Rahman,1,,,,
Jahanara Akter,1,,,,
Bhawna Gupta,1,,,,
Newell W. Johnson,1,,,,
Patrizio Castagnola,1,,,,
Sergio Gandolfo,1,,,,
Davide Malacarne,1,,,,
Cinzia Aiello,1,,,,
Roberto Marino,1,,,,
Gabriele Zoppoli,1,,,,
Alberto Ballestrero,1,,,,
Walter Giaretti,1,,,,
Monica Pentenero,1,,,,
Danica Marlin,1,,,,
Susan W. Nicolson,1,,,,
Abdullahi A. Yusuf,1,,,,
Philip C. Stevenson,1,,,,
Heino M. Heyman,1,,,,
Kerstin Krüger,1,,,,
Natasha Andressa Nogueira Jorge,1,,,,
Gabriel Wajnberg,1,,,,
Carlos Gil Ferreira,1,,,,
Benilton de Sa Carvalho,1,,,,
Fabio Passetti,1,,,,
Mohammad Perwaiz Iqbal,1,,,,
Mohsin Yakub,1,,,,
Haipeng Zhao,2,,,,
Xiaoying Zhang,1,,,,
Ming Xue,2,,,,
Xiao Zhang,2,,,,
Yan-Guo Sun,1,,,,
Bo Wang,1,,,,
Shang-Hui Jin,1,,,,
Xiao-Xia Qu,1,,,,
Yan-Jie Li,1,,,,
Bing-Kai Hou,1,,,,
Shiyi Zhou,2,,,,
Wei Hu,4,,,,
Xiaomin Deng,2,,,,
Zhanbing Ma,1,,,,
Lihong Chen,2,,,,
Chao Huang,1,,,,
Chen Wang,2,,,,
Jie Wang,1,,,,
Yanzhen He,2,,,,
Guangxiao Yang,4,,,,
Guangyuan He,4,,,,
Amy C. Janes,1,,,,
Stacey Farmer,1,,,,
Blaise deB. Frederick,1,,,,
Lisa D. Nickerson,1,,,,
Scott E. Lukas,1,,,,
Ivan Berlin,1,,,,
Jahn K. Hakes,1,,,,
Mei-Chen Hu,1,,,,
Lirio S. Covey,1,,,,
Yang Xiang,1,,,,
Yun Hai Lu,1,,,,
Min Song,1,,,,
Yun Wang,1,,,,
Wenqi Xu,1,,,,
Lintao Wu,1,,,,
Hancheng Wang,1,,,,
Zhengqiang Ma,1,,,,
Alessandra Vasconcellos Nunes Laitz,1,,,,
Marcio Luis Acencio,1,,,,
Ilara G. F. Budzinski,1,,,,
Mônica T. V. Labate,1,,,,
Ney Lemke,1,,,,
Paulo Eduardo Martins Ribolla,1,,,,
Ivan G. Maia,2,,,,
Mirta Tkalec,1,,,,
Petra Peharec Štefanić,1,,,,
Petra Cvjetko,1,,,,
Sandra Šikić,1,,,,
Mirjana Pavlica,1,,,,
Biljana Balen,1,,,,
Sze Hang Fu,1,,,,
Prabhat Jha,2,,,,
Rajesh Kumar,1,,,,
Rajesh Dikshit,1,,,,
Dhirendra Sinha,1,,,,
Christian Renicke,1,,,,
Roberta Spadaccini,1,,,,
Christof Taxis,1,,,,
Sonja Zeilinger,1,,,,
Brigitte Kühnel,1,,,,
Norman Klopp,1,,,,
Hansjörg Baurecht,1,,,,
Anja Kleinschmidt,1,,,,
Christian Gieger,1,,,,
Stephan Weidinger,1,,,,
Eva Lattka,1,,,,
Jerzy Adamski,1,,,,
Annette Peters,1,,,,
Konstantin Strauch,1,,,,
Melanie Waldenberger,1,,,,
Thomas Illig,1,,,,
Marta Wrześniak,1,,,,
Marta Kepinska,1,,,,
Małgorzata Królik,1,,,,
Halina Milnerowicz,1,,,,
João M. Pedro,1,,,,
Miguel Brito,1,,,,
Henrique Barros,1,,,,
Mohammad Nurul Azam,1,,,,
Mohammad Shahjahan,1,,,,
Mahbuba Yeasmin,1,,,,
Nasar U. Ahmed,1,,,,
Atsushi Kasai,1,,,,
Songling Bai,1,,,,
Hatsune Hojo,1,,,,
Takeo Harada,1,,,,
Ayesha Cammaerts,1,,,,
Rachel Kaufmann,1,,,,
Lei Zhang,1,,,,
Ann Malarcher,1,,,,
Terry Pechacek,1,,,,
Fanny Balique,1,,,,
Philippe Colson,1,,,,
Abdoulaye Oury Barry,1,,,,
Claude Nappez,1,,,,
Audrey Ferretti,1,,,,
Khatoun Al Moussawi,1,,,,
Tatsiana Ngounga,1,,,,
Hubert Lepidi,1,,,,
Eric Ghigo,1,,,,
Jean-Louis Mege,1,,,,
Hervé Lecoq,1,,,,
Didier Raoult,1,,,,
Viviane Kovess,1,,,,
Daniel J. Pilowsky,1,,,,
Anders Boyd,1,,,,
Ondine Pez,1,,,,
Adina Bitfoi,1,,,,
Mauro Carta,1,,,,
Ceyda Eke,1,,,,
Dietmar Golitz,1,,,,
Rowella Kuijpers,1,,,,
Sigita Lesinskiene,1,,,,
Zlatka Mihova,1,,,,
Roy Otten,1,,,,
Ezra Susser,1,,,,
Nathaniel Wander,1,,,,
Jennifer Fang,1,,,,
Inmaculada Hernández-Pinzón,1,,,,
Marta Cifuentes,1,,,,
Elizabeth Hénaff,1,,,,
Néstor Santiago,1,,,,
M. Lluïsa Espinás,1,,,,
Josep M. Casacuberta,1,,,,
Frank C. Bandiera,1,,,,
Berhanu Anteneh,1,,,,
Thao Le,1,,,,
Kevin Delucchi,1,,,,
Joseph Guydish,1,,,,
Thomas N. O. Achia,1,,,,
John A. Tauras,1,,,,
Xin Xu,1,,,,
Jidong Huang,1,,,,
Brian King,1,,,,
S. Rene Lavinghouze,1,,,,
Karla S. Sneegas,1,,,,
Frank J. Chaloupka,1,,,,
Jennifer C. Duke,1,,,,
Tesfa N. Alexander,1,,,,
Xiaoquan Zhao,1,,,,
Janine C. Delahanty,1,,,,
Jane A. Allen,1,,,,
Anna J. MacMonegle,1,,,,
Matthew C. Farrelly,1,,,,
Suzy A. A. Comhair,1,,,,
Benjamin M. Gaston,1,,,,
Kristin S. Ricci,1,,,,
Jeffrey Hammel,1,,,,
Raed A. Dweik,1,,,,
W. Gerald Teague,1,,,,
Deborah Meyers,1,,,,
Elizabeth J. Ampleford,1,,,,
Eugene R. Bleecker,1,,,,
William W. Busse,1,,,,
William J. Calhoun,1,,,,
Mario Castro,1,,,,
Kian Fan Chung,1,,,,
Douglas Curran-Everett,1,,,,
Elliot Israel,1,,,,
W. Nizar Jarjour,1,,,,
Wendy Moore,1,,,,
Stephen P. Peters,1,,,,
Sally Wenzel,1,,,,
Stanley L. Hazen,1,,,,
Serpil C. Erzurum,1,,,,
for the National Heart Lung Blood Institute Severe Asthma Research Program (SARP) ,1,,,,
K. Viswanath,1,,,,
Leland K. Ackerson,1,,,,
Glorian Sorensen,2,,,,
Hang Thi Minh Lai,1,,,,
Chihaya Koriyama,2,,,,
Shinkan Tokudome,1,,,,
Hoc Hieu Tran,1,,,,
Long Thanh Tran,1,,,,
Athira Nandakumar,2,,,,
Suminori Akiba,2,,,,
Ngoan Tran Le,1,,,,
Farooqahmed S. Kittur,1,,,,
Mamudou Bah,1,,,,
Stephanie Archer-Hartmann,1,,,,
Chiu-Yueh Hung,1,,,,
Parastoo Azadi,1,,,,
Mayumi Ishihara,1,,,,
David C. Sane,1,,,,
Jiahua Xie,2,,,,
Juhi Bagaitkar,2,,,,
Donald R. Demuth,2,,,,
Carlo Amorin Daep,1,,,,
Diane E. Renaud,2,,,,
Deanne L. Pierce,1,,,,
David A. Scott,2,,,,
Shady Elmasry,1,,,,
Shihab Asfour,1,,,,
Juan Pablo de Rivero Vaccari,1,,,,
Francesco Travascio,1,,,,
Mohammad Shakhawat Hossain,1,,,,
Kypros Kypri,1,,,,
Bayzidur Rahman,1,,,,
Iqbal Arslan,1,,,,
Shahnaz Akter,1,,,,
Abul Hasnat Milton,1,,,,
Margot A. Cousin,1,,,,
Jon O. Ebbert,1,,,,
Amanda R. Wiinamaki,1,,,,
Mark D. Urban,1,,,,
David P. Argue,1,,,,
Stephen C. Ekker,1,,,,
Eric W. Klee,1,,,,
Jayani Jayawardhana,1,,,,
W. David Bradford,1,,,,
Walter Jones,1,,,,
Paul J. Nietert,1,,,,
Gerard Silvestri,1,,,,
Dan Su,2,,,,
Xuting Wang,2,,,,
Michelle R. Campbell,2,,,,
Devin K. Porter,2,,,,
Gary S. Pittman,2,,,,
Brian D. Bennett,2,,,,
Ma Wan,2,,,,
Neal A. Englert,2,,,,
Christopher L. Crowl,2,,,,
Ryan N. Gimple,1,,,,
Kelly N. Adamski,2,,,,
Zhiqing Huang,2,,,,
Susan K. Murphy,2,,,,
Douglas A. Bell,2,,,,
Shreyas S. Athavale,1,,,,
J. Jared Gossett,1,,,,
Jessica C. Bowman,1,,,,
Nicholas V. Hud,1,,,,
Loren Dean Williams,1,,,,
Stephen C. Harvey,1,,,,
Hong Lei,1,,,,
Carolina E. Reisenman,1,,,,
Caroline H. Wilson,1,,,,
Prasad Gabbur,1,,,,
John G. Hildebrand,1,,,,
Carlo A. Daep,1,,,,
Carol K. Patel,1,,,,
Zhu Zhang,1,,,,
Xiaolong Zheng,1,,,,
Daniel Dajun Zeng,1,,,,
Scott J. Leischow,1,,,,
Emily Savell,1,,,,
Andrea Pitzschke,1,,,,
Carrie V. Breton,1,,,,
Kimberly D. Siegmund,1,,,,
Bonnie R. Joubert,1,,,,
Xinhui Wang,1,,,,
Weiliang Qui,1,,,,
Vincent Carey,1,,,,
Wenche Nystad,1,,,,
Siri E. Håberg,1,,,,
Carole Ober,1,,,,
Dan Nicolae,1,,,,
Kathleen C. Barnes,1,,,,
Fernando Martinez,1,,,,
Andy Liu,1,,,,
Robert Lemanske,1,,,,
Robert Strunk,1,,,,
Scott Weiss,1,,,,
Stephanie London,1,,,,
Frank Gilliland,1,,,,
Benjamin Raby,1,,,,
on behalf of the Asthma BRIDGE consortium ,1,,,,
Maryam Zahin,1,,,,
Joongho Joh,1,,,,
Sujita Khanal,1,,,,
Adam Husk,1,,,,
Hugh Mason,1,,,,
Heribert Warzecha,1,,,,
Shin-je Ghim,1,,,,
Donald M. Miller,1,,,,
Nobuyuki Matoba,1,,,,
Alfred Bennett Jenson,1,,,,
Julie Chastang,1,,,,
Nour Baïz,1,,,,
Jean Sébastien Cadwalladder,1,,,,
Sarah Robert,1,,,,
John Dywer,1,,,,
Denis André Charpin,1,,,,
Denis Caillaud,1,,,,
Frédéric de Blay,1,,,,
Chantal Raherison,1,,,,
François Lavaud,1,,,,
Isabella Annesi-Maesano,1,,,,
Donald U. Stone,1,,,,
Dustin Fife,1,,,,
Michael Brown,1,,,,
Keith E. Earley,1,,,,
Lida Radfar,1,,,,
C. Erick Kaufman,1,,,,
David M. Lewis,1,,,,
Nelson L. Rhodus,1,,,,
Barbara M. Segal,1,,,,
Daniel J. Wallace,1,,,,
Michael H. Weisman,1,,,,
Swamy Venuturupalli,1,,,,
Michael T. Brennan,1,,,,
Christopher J. Lessard,1,,,,
Courtney G. Montgomery,1,,,,
R. Hal Scofield,1,,,,
Kathy L. Sivils,1,,,,
Astrid Rasmussen,1,,,,
Ilaria Di Lelio,1,,,,
Silvia Caccia,1,,,,
Mariangela Coppola,1,,,,
Martina Buonanno,1,,,,
Gennaro Di Prisco,1,,,,
Paola Varricchio,1,,,,
Eleonora Franzetti,1,,,,
Giandomenico Corrado,1,,,,
Simona M. Monti,1,,,,
Rosa Rao,1,,,,
Morena Casartelli,1,,,,
Francesco Pennacchio,1,,,,
Pan Liao,1,,,,
Hui Wang,1,,,,
Mingfu Wang,1,,,,
An-Shan Hsiao,1,,,,
Thomas J. Bach,1,,,,
Mee-Len Chye,1,,,,
Mangmang Li,1,,,,
Ping Li,1,,,,
Rentao Song,1,,,,
Zhengkai Xu,1,,,,
Daniel S. Morris,1,,,,
Michael A. Tynan,1,,,,
Tangchun Zheng,2,,,,
Shuang Li,1,,,,
Lina Zang,2,,,,
Lijuan Dai,1,,,,
Chuanping Yang,2,,,,
Guan-Zheng Qu,2,,,,
Monika Mahajan,1,,,,
Paramvir Singh Ahuja,1,,,,
Sudesh Kumar Yadav,2,,,,
Milada Čovanová,1,,,,
Michael Sauer,1,,,,
Jan Rychtář,1,,,,
Jiří Friml,1,,,,
Jan Petrášek,1,,,,
Eva Zažímalová,1,,,,
John Tayu Lee,1,,,,
Xia Sun,1,,,,
Qingliang Li,1,,,,
Karin Groten,2,,,,
Nabin T. Pahari,1,,,,
Shuqing Xu,1,,,,
Maja Miloradovic van Doorn,1,,,,
Ian T. Baldwin,4,,,,
Jin-Qi Zhu,1,,,,
Shumin Liu,1,,,,
Yao Ma,1,,,,
Jia-Qi Zhang,1,,,,
Hai-Sheng Qi,1,,,,
Zhao-Jun Wei,1,,,,
Qiong Yao,1,,,,
Wen-Qing Zhang,1,,,,
Sheng Li,1,,,,
Concepción Almoguera,1,,,,
Pilar Prieto-Dapena,1,,,,
José-María Personat,1,,,,
Javier Tejedor-Cano,1,,,,
Marika Lindahl,1,,,,
Antonio Diaz-Espejo,1,,,,
Juan Jordano,1,,,,
Alys Havard,1,,,,
Louisa R. Jorm,1,,,,
Sanja Lujic,1,,,,
Mohammed Al-Houqani,2,,,,
Raghib Ali,2,,,,
Cother Hajat,1,,,,
Ryan C. Gimple,1,,,,
Ruolan Liu,1,,,,
Radhika A. Vaishnav,1,,,,
Andrew M. Roberts,1,,,,
Robert P. Friedland,1,,,,
Chen Liu,1,,,,
Xin Qi,1,,,,
Qian Zhao,1,,,,
Jingjuan Yu,1,,,,
Miguel Santibáñez,1,,,,
Estefanía Aguirre,1,,,,
Sofía Belda,1,,,,
Nuria Aragones,1,,,,
Jesús Saez,1,,,,
Juan Carlos Rodríguez,1,,,,
Antonio Galiana,1,,,,
Javier Sola-Vera,1,,,,
Montserrat Ruiz-García,1,,,,
María Paz-Zulueta,1,,,,
Raquel Sarabia-Lavín,1,,,,
Alicia Brotons,1,,,,
Elena López-Girona,1,,,,
Estefanía Pérez,1,,,,
Carlos Sillero,1,,,,
Gloria Royo,1,,,,
Xiayu Guan,1,,,,
Zhijian Li,1,,,,
Zhiliang Zhang,1,,,,
Xiangying Wei,1,,,,
Jianjun Chen,1,,,,
Qingxi Chen,1,,,,
Gaoyi Cao,1,,,,
Yunjun Liu,2,,,,
Shengxue Zhang,1,,,,
Xuewen Yang,1,,,,
Rongrong Chen,1,,,,
Yuwen Zhang,1,,,,
Wei Lu,1,,,,
Yan Liu,1,,,,
Jianhua Wang,1,,,,
Min Lin,1,,,,
Guoying Wang,1,,,,
Ziwen Wang,1,,,,
Anzheng Feng,1,,,,
Mingbo Cui,1,,,,
Yuxiu Liu,1,,,,
Lizhong Wang,1,,,,
Qingmin Wang,1,,,,
Larissa Helena Torres,1,,,,
Raphael C. T. Garcia,1,,,,
Anne M. M. Blois,1,,,,
Lívia M. M. Dati,1,,,,
Ana Carolina Durão,1,,,,
Adilson Silva Alves,1,,,,
Maurílio Pacheco-Neto,1,,,,
Thais Mauad,1,,,,
Luiz R. G. Britto,1,,,,
Gilberto Fernando Xavier,1,,,,
Rosana Camarini,1,,,,
Tania Marcourakis,1,,,,
Kolappan Chockalingam,1,,,,
Chandrasekaran Vedhachalam,1,,,,
Subramani Rangasamy,1,,,,
Gomathi Sekar,1,,,,
Srividya Adinarayanan,1,,,,
Soumya Swaminathan,1,,,,
Pradeep Aravindan Menon,1,,,,
Dionysis Spanopoulos,1,,,,
Elena Ratschen,1,,,,
John Britton,1,,,,
Romain Guignard,1,,,,
Jean-Louis Wilquin,1,,,,
Jean-Baptiste Richard,1,,,,
François Beck,1,,,,
Liza Bronner Murrison,1,,,,
Neil Martinson,1,,,,
Rachael M. Moloney,1,,,,
Regina Msandiwa,1,,,,
Mondiwana Mashabela,1,,,,
Jonathan M. Samet,1,,,,
Jonathan E. Golub,1,,,,
Jason A. Stamm,1,,,,
Elizabeth A. Belloli,1,,,,
Yingze Zhang,1,,,,
Jessica Bon,1,,,,
Frank C. Sciurba,1,,,,
Mark T. Gladwin,1,,,,
Yu Zhang,1,,,,
Ruixia Wang,1,,,,
Limin Miao,1,,,,
Longbiao Zhu,1,,,,
Hongbing Jiang,1,,,,
Hua Yuan,1,,,,
Gregor John,1,,,,
Céline Louis,1,,,,
Amandine Berner,1,,,,
Daniel Genné,1,,,,
Mengling Wen,1,,,,
Yuan Gao,1,,,,
Lijun Wang,1,,,,
Lingyu Ran,1,,,,
Jiahui Li,1,,,,
Keming Luo,1,,,,
Gary J. Tedeschi,1,,,,
Sharon E. Cummins,1,,,,
Christopher M. Anderson,1,,,,
Robert M. Anthenelli,1,,,,
Yue-Lin Zhuang,1,,,,
Shu-Hong Zhu,1,,,,
Sukalyani Banik,1,,,,
Ahd Ahmed Mansour,1,,,,
Ragavan Varadharajan Suresh,1,,,,
Sherri Wykoff-Clary,1,,,,
Meenakshi Malik,1,,,,
Alison A. McCormick,1,,,,
Chandra Shekhar Bakshi,1,,,,
Pavan Kumar,1,,,,
Sagar Subhash Pandit,1,,,,
Margarete C. Kulik,1,,,,
Wilma J. Nusselder,1,,,,
Hendriek C. Boshuizen,1,,,,
Stefan K. Lhachimi,1,,,,
Esteve Fernández,2,,,,
Paolo Baili,1,,,,
Kathleen Bennett,1,,,,
Johan P. Mackenbach,1,,,,
H. A. Smit,1,,,,
Laure Tron,1,,,,
France Lert,1,,,,
Bruno Spire,1,,,,
Rosemary Dray-Spira,1,,,,
the ANRS-Vespa2 study group ,1,,,,
Jie Zhang,1,,,,
Min Zhang,1,,,,
Shengke Tian,1,,,,
Lingli Lu,1,,,,
M. J. I. Shohag,1,,,,
Xiaoe Yang,1,,,,
Carmen Jan,1,,,,
Marcos Lee,1,,,,
Reina Roa,1,,,,
Víctor Herrera,1,,,,
Michael Politis,1,,,,
Jorge Motta,1,,,,
Immaculada Llop-Tous,1,,,,
Miriam Ortiz,1,,,,
Margarita Torrent,1,,,,
M. Dolors Ludevid,1,,,,
Thiago S. Torres,1,,,,
Paula M. Luz,1,,,,
Monica Derrico,1,,,,
Luciane Velasque,1,,,,
Eduarda Grinsztejn,1,,,,
Valdiléa G. Veloso,1,,,,
Sandra W. Cardoso,1,,,,
Marília Santini-Oliveira,1,,,,
Beatriz Grinsztejn,1,,,,
Raquel Brandini De Boni,1,,,,
Li Tan,1,,,,
Yunqiao Pu,1,,,,
Sivakumar Pattathil,1,,,,
Utku Avci,1,,,,
Jin Qian,1,,,,
Allison Arter,1,,,,
Liwei Chen,1,,,,
Michael G. Hahn,1,,,,
Arthur J. Ragauskas,1,,,,
Marcia J. Kieliszewski,1,,,,
Yan Yan,1,,,,
Xiaowan Hou,1,,,,
Yunxie Wei,1,,,,
Ming Peng,1,,,,
Nikolay Vasilev,1,,,,
Christian Schmitz,1,,,,
Ulrike Grömping,1,,,,
Rainer Fischer,1,,,,
Stefan Schillberg,1,,,,
Gary Adamkiewicz,2,,,,
Shona C. Fang,2,,,,
Jonathan P. Winickoff,1,,,,
Tian-Xiang Hu,1,,,,
Miao Yu,1,,,,
Jie Zhao,1,,,,
Niaz Ahmad,1,,,,
Franck Michoux,1,,,,
Peter J. Nixon,1,,,,
Amit Kumar Chaturvedi,1,,,,
Manish Kumar Patel,1,,,,
Avinash Mishra,1,,,,
Vivekanand Tiwari,1,,,,
Bhavanath Jha,1,,,,
Yuan-Wan Sun,1,,,,
Kun-Ming Chen,1,,,,
Yuka Imamura Kawasawa,1,,,,
Anna C. Salzberg,1,,,,
Timothy K. Cooper,1,,,,
Carla Caruso,1,,,,
Cesar Aliaga,1,,,,
Junjia Zhu,1,,,,
Krishne Gowda,1,,,,
Shantu Amin,1,,,,
Karam El-Bayoumy,1,,,,
Heng Pu,1,,,,
Jiang Li,1,,,,
Dawei Li,1,,,,
Chenggui Han,1,,,,
Jialin Yu,1,,,,
Fengdan Guo,1,,,,
Chuanliang Liu,1,,,,
Han Xia,1,,,,
Yuping Bi,1,,,,
Chuanzhi Zhao,1,,,,
Shuzhen Zhao,1,,,,
Lei Hou,1,,,,
Fuguang Li,1,,,,
Xingjun Wang,1,,,,
Yujie Hou,1,,,,
Xiao Ma,1,,,,
Wenting Wan,1,,,,
Ni Long,1,,,,
Jing Zhang,1,,,,
Yuntao Tan,1,,,,
Shengchang Duan,1,,,,
Yan Zeng,1,,,,
Yang Dong,1,,,,
Nizar Ahmad,1,,,,
Isabelle Boutron,1,,,,
Agnes Dechartres,1,,,,
Pierre Durieux,1,,,,
Philippe Ravaud,1,,,,
Karen C. Peebles,1,,,,
Helen Horsman,1,,,,
Yu-Chieh Tzeng,1,,,,
Elisa Santovito,1,,,,
Tiziana Mascia,1,,,,
Shahid A. Siddiqui,1,,,,
Serena Anna Minutillo,1,,,,
Jari P. T. Valkonen,1,,,,
Donato Gallitelli,1,,,,
Muhammad Aziz Rahman,1,,,,
Nicola Spurrier,1,,,,
Mohammad Afzal Mahmood,1,,,,
Mahmudur Rahman,1,,,,
Sohel Reza Choudhury,1,,,,
Stephen Leeder,1,,,,
Hoang Trong Phan,1,,,,
Bettina Hause,1,,,,
Gerd Hause,1,,,,
Elsa Arcalis,1,,,,
Eva Stoger,1,,,,
Daniel Maresch,1,,,,
Friedrich Altmann,1,,,,
Jussi Joensuu,1,,,,
Udo Conrad,1,,,,
Kai Wu,1,,,,
Zhiying Fang,1,,,,
Rong Guo,1,,,,
Bin Pan,1,,,,
Wen Shi,1,,,,
Saifei Yuan,1,,,,
Huilin Guan,1,,,,
Ming Gong,1,,,,
Biao Shen,1,,,,
Qirong Shen,1,,,,
Sigrid A. Troelstra,1,,,,
Jizzo R. Bosdriesz,1,,,,
Michiel R. de Boer,1,,,,
Anton E. Kunst,1,,,,
Jun-E Zhang,1,,,,
An Luo,1,,,,
Hai-Ping Xin,1,,,,
Jing Zhao,2,,,,
Shi-Sheng Li,1,,,,
Liang-Huan Qu,1,,,,
Li-Gang Ma,1,,,,
Stefan Scholten,1,,,,
Meng-Xiang Sun,1,,,,
Elham Choaie,1,,,,
Leonie Brose,1,,,,
Omara Dogar,1,,,,
Aimee Grant,1,,,,
Elizabeth Jenkinson,1,,,,
Andy McEwen,1,,,,
Lion Shahab,1,,,,
Yuki Miyazaki,1,,,,
Takahiro Tabuchi,1,,,,
Akihiro Nishio,1,,,,
Junko Saito,1,,,,
Sachi Tomokawa,1,,,,
Jun Kobayashi,1,,,,
Yuka Makino,1,,,,
Takeshi Akiyama,1,,,,
Kimihiro Miyake,1,,,,
Mayumi Yamamoto,1,,,,
Nathaniel Holcomb,1,,,,
Mamta Goswami,1,,,,
Sung Gu Han,1,,,,
Samuel Clark,1,,,,
David K. Orren,1,,,,
C. Gary Gairola,1,,,,
Isabel Mellon,1,,,,
Ashwin Kotnis,1,,,,
Junghyun Namkung,1,,,,
Sadhana Kannan,1,,,,
Nallala Jayakrupakar,1,,,,
Taesung Park,1,,,,
Rajiv Sarin,1,,,,
Rita Mulherkar,1,,,,
Dheeraj Verma,2,,,,
Shuangxia Jin,1,,,,
Anderson Kanagaraj,1,,,,
Nameirakpam D. Singh,1,,,,
Jaiyanth Daniel,1,,,,
Pappachan E. Kolattukudy,1,,,,
Michael Miller,1,,,,
Henry Daniell,2,,,,
George Kostallas,1,,,,
Per-Åke Löfdahl,1,,,,
Patrik Samuelson,1,,,,
Muzafar A. Macha,1,,,,
Ajay Matta,1,,,,
Shyam Singh Chauhan,1,,,,
K. W. Michael Siu,1,,,,
Ranju Ralhan,1,,,,
Matjaz Vogelsang,1,,,,
Yabing Wang,1,,,,
Nika Veber,1,,,,
Lamech M. Mwapagha,1,,,,
M. Iqbal Parker,1,,,,
Monique Williams,1,,,,
Amanda Villarreal,1,,,,
Barbara Davis,1,,,,
Prue Talbot,1,,,,
Esther Hafkamp-de Groen,1,,,,
Ralf J. P. van der Valk,1,,,,
Ashna D. Mohangoo,1,,,,
Johannes C. van der Wouden,1,,,,
Liesbeth Duijts,1,,,,
Vincent W. Jaddoe,1,,,,
Albert Hofman,1,,,,
Harry J. de Koning,1,,,,
Johan C. de Jongste,1,,,,
Hein Raat,1,,,,
Andrea Leinberger-Jabari,1,,,,
Abdullah Al Naeemi,1,,,,
Abdullah Al Junaibi,1,,,,
Eiman Al Zaabi,1,,,,
Naima Oumeziane,1,,,,
Marina Kazim,1,,,,
Fatima Al Maskari,1,,,,
Ayesha Al Dhaheri,1,,,,
Leila Abdel Wareth,1,,,,
Wael Al Mahmeed,1,,,,
Habiba Alsafar,1,,,,
Fatme Al Anouti,1,,,,
Abdishakur Abdulle,1,,,,
Claire K. Inman,1,,,,
Aisha Al Hamiz,1,,,,
Muna Haji,1,,,,
Jiyoung Ahn,1,,,,
Tomas Kirchhoff,1,,,,
Richard B. Hayes,1,,,,
Ravichandran Ramasamy,1,,,,
Ann Marie Schmidt,1,,,,
Omar El Shahawy,1,,,,
Michael Weitzman,1,,,,
Scott Sherman,1,,,,
Zhigang Wei,1,,,,
Zanshuang Qu,1,,,,
Lijie Zhang,1,,,,
Shuanjing Zhao,1,,,,
Zhihong Bi,1,,,,
Xiaohui Ji,1,,,,
Xiaowen Wang,1,,,,
Hairong Wei,1,,,,
Shuya Wei,1,,,,
Fan Zhang,1,,,,
Jiapeng Han,1,,,,
Yin Li,1,,,,
Jialu Feng,1,,,,
Bin Fang,1,,,,
Qingchen Luo,1,,,,
Shasha Li,1,,,,
Yunyi Liu,1,,,,
Xinyu Tang,1,,,,
Todd G. Nick,1,,,,
Mario A. Cleves,1,,,,
Stephen W. Erickson,1,,,,
Ming Li,1,,,,
Jingyun Li,1,,,,
Stewart L. MacLeod,1,,,,
Charlotte A. Hobbs,1,,,,
Mi-Rae Shin,1,,,,
Masaya Natsuume,1,,,,
Takashi Matsumoto,1,,,,
Mitsumasa Hanaoka,1,,,,
Misaki Imai,1,,,,
Ken Iijima,1,,,,
Shin-ichiro Oka,1,,,,
Eri Adachi,1,,,,
Hiroaki Kodama,1,,,,
Rachel J. Keith,1,,,,
Mahmoud Al Rifai,1,,,,
Christopher Carruba,1,,,,
Natasha De Jarnett,1,,,,
John W. McEvoy,1,,,,
Aruni Bhatnagar,1,,,,
Michael J. Blaha,1,,,,
Andrew P. Defilippis,1,,,,
Stefano Mattioli,1,,,,
Andrea Farioli,1,,,,
Patrizia Legittimo,1,,,,
Lucia Miligi,1,,,,
Alessandra Benvenuti,1,,,,
Alessandra Ranucci,1,,,,
Alberto Salvan,1,,,,
Roberto Rondelli,1,,,,
Corrado Magnani,1,,,,
on behalf of the SETIL Study Group ,1,,,,
Kevin Begcy,1,,,,
Eduardo D. Mariano,1,,,,
Lucia Mattiello,1,,,,
Alessandra V. Nunes,1,,,,
Paulo Mazzafera,1,,,,
Marcelo Menossi,1,,,,
Lei Han,1,,,,
Ya-Nan Han,1,,,,
Xing-Guo Xiao,2,,,,
Caitlin E. Burklew,1,,,,
Jordan Ashlock,1,,,,
William B. Winfrey,1,,,,
Baohong Zhang,1,,,,
Anabella F. Lodeyro,1,,,,
Mariana Giró,1,,,,
Hugo O. Poli,1,,,,
Gabriel Bettucci,1,,,,
Adriana Cortadi,1,,,,
Alejandro M. Ferri,1,,,,
Néstor Carrillo,1,,,,
Zohaib Khan,1,,,,
Steffen Dreger,1,,,,
Syed Majid Hussain Shah,1,,,,
Hermann Pohlabeln,1,,,,
Sheraz Khan,1,,,,
Zakir Ullah,1,,,,
Basheer Rehman,1,,,,
Hajo Zeeb,1,,,,
Bruno César Feltes,1,,,,
Joice de Faria Poloni,1,,,,
Daniel Luis Notari,1,,,,
Diego Bonatto,1,,,,
Hai-Qin Yan,1,,,,
Su-Hua Chang,1,,,,
Zhe-Xian Tian,1,,,,
Le Zhang,1,,,,
Yi-Cheng Sun,1,,,,
Yan Li,1,,,,
Jing Wang,1,,,,
Yi-Ping Wang,1,,,,
Craig S. Fryer,1,,,,
Elizabeth L. Seaman,1,,,,
Rachael S. Clark,1,,,,
Vicki L. Plano Clark,1,,,,
Wei Li,1,,,,
Yi-Hsuan Chiang,1,,,,
Gitta Coaker,1,,,,
Damian J. Williams,1,,,,
Henry L. Puhl III,1,,,,
Stephen R. Ikeda,1,,,,
Le Li,1,,,,
Weiguo Miao,1,,,,
Wenbo Liu,1,,,,
Shujian Zhang,1,,,,
Arif Muhammad Khan,1,,,,
Muhammad Ashfaq,1,,,,
Zsofia Kiss,1,,,,
Azhar Abbas Khan,1,,,,
Shahid Mansoor,1,,,,
Bryce W. Falk,2,,,,
Susheel Kumar,1,,,,
Puneet Singh Chauhan,1,,,,
Lalit Agrawal,1,,,,
Rashmi Raj,1,,,,
Ashish Srivastava,1,,,,
Swati Gupta,1,,,,
Shashank Kumar Mishra,1,,,,
Sumit Yadav,1,,,,
Poonam C. Singh,1,,,,
Shri Krishna Raj,1,,,,
Chandra Shekhar Nautiyal,1,,,,
Jason M. Fletcher,1,,,,
Hongxiang Guo,1,,,,
Yunchao Kan,1,,,,
Weiqun Liu,1,,,,
Yayi Tu,1,,,,
Zhenqian Zhang,1,,,,
Daofeng Li,1,,,,
Heng Li,1,,,,
Jiangli Dong,1,,,,
Tao Wang,1,,,,
Hassan Lemjabbar-Alaoui,1,,,,
Sukhvinder S. Sidhu,1,,,,
Aklilu Mengistab,1,,,,
Marianne Gallup,1,,,,
Carol Basbaum,1,,,,
Aminata P. Nacoulma,1,,,,
Veronique Megalizzi,1,,,,
Laurent R. Pottier,1,,,,
Manuela De Lorenzi,1,,,,
Sylviane Thoret,1,,,,
Joëlle Dubois,1,,,,
Olivier M. Vandeputte,1,,,,
Pierre Duez,1,,,,
Danny Vereecke,1,,,,
Mondher El Jaziri,1,,,,
Chuanlong Wu,1,,,,
Xinhua Qu,1,,,,
Yuanqing Mao,1,,,,
Huiwu Li,1,,,,
Fengxiang Liu,1,,,,
Zhenan Zhu,1,,,,
Ji-Si Zhang,1,,,,
Shaohua Zhang,1,,,,
Chaoying He,1,,,,
Qinlong Zhu,1,,,,
Shunzhao Sui,1,,,,
Xinghua Lei,1,,,,
Zhongfang Yang,1,,,,
Kun Lu,1,,,,
Guangde Liu,1,,,,
Yao-Guang Liu,1,,,,
Mingyang Li,1,,,,
Ji-Yin He,1,,,,
Shih-Heng Chen,1,,,,
Tsu-Min Tsai,1,,,,
Katriina Heikkilä,1,,,,
Solja T. Nyberg,1,,,,
Eleonor I. Fransson,1,,,,
Lars Alfredsson,1,,,,
Dirk De Bacquer,1,,,,
Jakob B. Bjorner,1,,,,
Sébastien Bonenfant,1,,,,
Marianne Borritz,1,,,,
Hermann Burr,1,,,,
Els Clays,1,,,,
Annalisa Casini,1,,,,
Nico Dragano,1,,,,
Raimund Erbel,1,,,,
Goedele A. Geuskens,1,,,,
Marcel Goldberg,2,,,,
Wendela E. Hooftman,1,,,,
Irene L. Houtman,1,,,,
Matti Joensuu,1,,,,
Karl-Heinz Jöckel,1,,,,
France Kittel,1,,,,
Anders Knutsson,1,,,,
Markku Koskenvuo,1,,,,
Aki Koskinen,1,,,,
Anne Kouvonen,1,,,,
Constanze Leineweber,1,,,,
Thorsten Lunau,1,,,,
Ida E. H. Madsen,1,,,,
Linda L. Magnusson Hanson,1,,,,
Michael G. Marmot,1,,,,
Martin L. Nielsen,1,,,,
Maria Nordin,1,,,,
Jaana Pentti,1,,,,
Paula Salo,1,,,,
Reiner Rugulies,1,,,,
Andrew Steptoe,1,,,,
Johannes Siegrist,1,,,,
Sakari Suominen,1,,,,
Jussi Vahtera,1,,,,
Marianna Virtanen,1,,,,
Ari Väänänen,1,,,,
Peter Westerholm,1,,,,
Hugo Westerlund,1,,,,
Marie Zins,2,,,,
Töres Theorell,1,,,,
Mark Hamer,1,,,,
Jane E. Ferrie,1,,,,
Archana Singh-Manoux,1,,,,
G. David Batty,1,,,,
Mika Kivimäki,1,,,,
for the IPD-Work Consortium ,1,,,,
Karin Vitzthum,1,,,,
Cristian Scutaru,1,,,,
Lindy Musial-Bright,1,,,,
David Quarcoo,1,,,,
Tobias Welte,1,,,,
Michael Spallek,1,,,,
Beatrix Groneberg-Kloft,1,,,,
Genane Loheswaran,1,,,,
Sophie Soklaridis,1,,,,
Peter Selby,1,,,,
Bernard Le Foll,1,,,,
Mangesh S. Pednekar,2,,,,
Matti Hakama,1,,,,
Shan Chen,1,,,,
Felicia Trachtenberg,1,,,,
Slawa Rokicki,1,,,,
Guifeng Liu,1,,,,
Wenjie Wang,1,,,,
Huanzhen Liu,1,,,,
Frida Ngalesoni,1,,,,
George Ruhago,1,,,,
Mary Mayige,1,,,,
Tiago Cravo Oliveira,1,,,,
Bjarne Robberstad,1,,,,
Ole Frithjof Norheim,1,,,,
Hideki Higashi,1,,,,
K. C. Babitha,1,,,,
Ramu S. Vemanna,1,,,,
Karaba N. Nataraja,2,,,,
M. Udayakumar,1,,,,
Venkategowda Ramegowda,1,,,,
Muthappa Senthil-Kumar,1,,,,
Malireddy K. Reddy,1,,,,
Kirankumar S. Mysore,1,,,,
Makarla Udayakumar,1,,,,
J. M. Vonk,1,,,,
S. Scholtens,1,,,,
D. S. Postma,1,,,,
M. F. Moffatt,1,,,,
D. Jarvis,1,,,,
A. Ramasamy,1,,,,
M. Wjst,1,,,,
E. R. Omenaas,1,,,,
E. Bouzigon,1,,,,
F. Demenais,1,,,,
R. Nadif,1,,,,
V. Siroux,1,,,,
A. V. Polonikov,1,,,,
M. Solodilova,1,,,,
V. P. Ivanov,1,,,,
I. Curjuric,1,,,,
M. Imboden,1,,,,
A. Kumar,1,,,,
N. Probst-Hensch,1,,,,
L. M. Ogorodova,1,,,,
V. P. Puzyrev,1,,,,
E. Yu Bragina,1,,,,
M. B. Freidin,1,,,,
I. M. Nolte,1,,,,
A. M. Farrall,1,,,,
W. O. C. M. Cookson,1,,,,
D. P. Strachan,1,,,,
G. H. Koppelman,1,,,,
H. M. Boezen,1,,,,
Shan Wang,1,,,,
Shuo Yang,1,,,,
Baiyi An,1,,,,
Shichen Wang,1,,,,
Yuejia Yin,1,,,,
Yang Lu,1,,,,
Ying Xu,1,,,,
Dongyun Hao,1,,,,
Ming-Yen Lin,1,,,,
Mei-Chin Chen,1,,,,
I-Chen Wu,1,,,,
Deng-Chyang Wu,1,,,,
Yu-Jen Cheng,1,,,,
Chun-Chieh Wu,1,,,,
Chee-Yin Chai,1,,,,
Jang-Ming Lee,1,,,,
Ming-Tsang Wu,1,,,,
Qian Xu,1,,,,
Xiao Xu,1,,,,
Yang Shi,1,,,,
Jichen Xu,1,,,,
Bingru Huang,1,,,,
Pankaj Agrawal,1,,,,
Yvette van der Eijk,1,,,,
Pasquale Caponnetto,1,,,,
Davide Campagna,1,,,,
Fabio Cibella,1,,,,
Jaymin B. Morjaria,1,,,,
Massimo Caruso,1,,,,
Cristina Russo,1,,,,
Riccardo Polosa,1,,,,
Tzu-Hua Chen,1,,,,
Joh-Jong Huang,1,,,,
Fong-Ching Chang,1,,,,
Yu-Tsz Chang,1,,,,
Hung-Yi Chuang,1,,,,
Mei Zhang,1,,,,
Hui Mo,1,,,,
Wen Sun,1,,,,
Yan Guo,1,,,,
Jing Li,1,,,,
Yajing Guan,1,,,,
Jianchen Wang,1,,,,
Yixin Tian,1,,,,
Weimin Hu,1,,,,
Liwei Zhu,1,,,,
Shuijin Zhu,1,,,,
Jin Hu,1,,,,
Andrew H. Lloyd,1,,,,
Dong Wang,1,,,,
Jeremy N. Timmis,1,,,,
Yuan Yuan,1,,,,
Chong Wu,1,,,,
Jian Yang,1,,,,
Luqi Huang,1,,,,
Emran Md. Ali,1,,,,
Kappei Kobayashi,1,,,,
Naoto Yamaoka,1,,,,
Masayuki Ishikawa,1,,,,
Masamichi Nishiguchi,1,,,,
Kishor Duwadi,1,,,,
Ling Chen,1,,,,
Rima Menassa,1,,,,
Sangeeta Dhaubhadel,1,,,,
Sang-Gyu Kim,1,,,,
Felipe Yon,1,,,,
Emmanuel Gaquerel,1,,,,
Jyotasana Gulati,1,,,,
Claire A. Mitchell,1,,,,
Stefan Kalies,1,,,,
Tomás Cizmár,1,,,,
Alexander Heisterkamp,1,,,,
Lesley Torrance,1,,,,
Alison G. Roberts,1,,,,
Frank J. Gunn-Moore,1,,,,
Kishan Dholakia,1,,,,
Ágnes Szatmári,1,,,,
Ágnes Zvara,1,,,,
Ágnes M. Móricz,1,,,,
Eszter Besenyei,1,,,,
Erika Szabó,1,,,,
Péter G. Ott,1,,,,
László G. Puskás,1,,,,
Zoltán Bozsó,1,,,,
Eric D. Vugrin,1,,,,
Brian L. Rostron,1,,,,
Stephen J. Verzi,1,,,,
Nancy S. Brodsky,1,,,,
Theresa J. Brown,1,,,,
Conrad J. Choiniere,1,,,,
Blair N. Coleman,1,,,,
Antonio Paredes,1,,,,
Benjamin J. Apelberg,1,,,,
Nidhi Thakur,1,,,,
Santosh Kumar Upadhyay,1,,,,
Praveen C. Verma,1,,,,
Krishnappa Chandrashekar,1,,,,
Rakesh Tuli,1,,,,
Pradhyumna K. Singh,1,,,,
Nathan J. Palpant,1,,,,
Peter Hofsteen,1,,,,
Lil Pabon,1,,,,
Hans Reinecke,1,,,,
Charles E. Murry,1,,,,
Amlan Das,1,,,,
Abhijit Bhattacharya,1,,,,
Subhendu Chakrabarty,1,,,,
Arnab Ganguli,1,,,,
Gopal Chakrabarti,1,,,,
Ivan Curjuric,1,,,,
Medea Imboden,1,,,,
Rachel Nadif,1,,,,
Ashish Kumar,1,,,,
Christian Schindler,1,,,,
Margot Haun,1,,,,
Florian Kronenberg,1,,,,
Nino Künzli,1,,,,
Harish Phuleria,1,,,,
Dirkje S. Postma,1,,,,
Erich W. Russi,1,,,,
Thierry Rochat,1,,,,
Florence Demenais,1,,,,
Nicole M. Probst-Hensch,1,,,,
Sheetal Hardikar,1,,,,
Lynn Onstad,1,,,,
Patricia L. Blount,1,,,,
Robert D. Odze,1,,,,
Brian J. Reid,1,,,,
Thomas L. Vaughan,1,,,,
Ian L. Megson,1,,,,
Sally J. Haw,1,,,,
David E. Newby,1,,,,
Jill P. Pell,1,,,,
Nkoli P. Uguru,1,,,,
Chinyere Mbachu,1,,,,
Ogochukwu P. Ibe,1,,,,
Chibuzo C. Uguru,1,,,,
Oluwakemi Odukoya,1,,,,
Chinenye Okwuosa,1,,,,
Obinna Onwujekwe,1,,,,
Suresh Gopalan,1,,,,
Jeff Velten,2,,,,
Cahid Cakir,2,,,,
Eunseog Youn,1,,,,
Junping Chen,1,,,,
Christopher I. Cazzonelli,2,,,,
James Lightwood,1,,,,
Erika B. Fulmer,1,,,,
Torsten B. Neilands,1,,,,
Shanta R. Dube,1,,,,
Nicole M. Kuiper,1,,,,
Rene A. Arrazola,1,,,,
Saritha Nair,1,,,,
Jean J. Schensul,1,,,,
Shahina Begum,1,,,,
Cheryl Oncken,1,,,,
Sameena M. Bilgi,1,,,,
Achhelal R. Pasi,1,,,,
Balaiah Donta,1,,,,
Hassen Mamo,1,,,,
Monica Perez-Rios,1,,,,
Esteve Fernandez,1,,,,
Anna Schiaffino,1,,,,
Manel Nebot,1,,,,
Maria Jose Lopez,1,,,,
Pengyi Deng,1,,,,
Liulin Chen,1,,,,
Xiatian Wang,1,,,,
Hui Ma,1,,,,
Ningcong Yao,1,,,,
Ying Feng,1,,,,
Ruihong Chai,1,,,,
Suffwan Eltom,1,,,,
Christopher S. Stevenson,1,,,,
Joseph Rastrick,1,,,,
Nicole Dale,1,,,,
Kristof Raemdonck,1,,,,
Sissie Wong,1,,,,
Matthew C. Catley,1,,,,
Maria G. Belvisi,1,,,,
Mark A. Birrell,1,,,,
José Leopoldo Ferreira Antunes,1,,,,
Tatiana Natasha Toporcov,1,,,,
Maria Gabriela Haye Biazevic,1,,,,
Antonio Fernando Boing,1,,,,
Crispian Scully,2,,,,
Stefano Petti,2,,,,
Susanne Eifer Møller,1,,,,
Teresa Adeltoft Ajslev,1,,,,
Camilla Schou Andersen,1,,,,
Christine Dalgård,1,,,,
Thorkild I. A. Sørensen,1,,,,
Hada Wuriyanghan,1,,,,
Tao Wu,1,,,,
Holger Schwender,1,,,,
Ingo Ruczinski,1,,,,
Jeffrey C. Murray,1,,,,
Mary L. Marazita,1,,,,
Ronald G. Munger,1,,,,
Jacqueline B. Hetmanski,1,,,,
Margaret M. Parker,1,,,,
Ping Wang,1,,,,
Tanda Murray,1,,,,
Margaret Taub,1,,,,
Shuai Li,1,,,,
Richard J. Redett,1,,,,
M. Daniele Fallin,1,,,,
Kung Yee Liang,1,,,,
Yah Huei Wu-Chou,1,,,,
Samuel S. Chong,1,,,,
Vincent Yeow,1,,,,
Xiaoqian Ye,1,,,,
Hong Wang,1,,,,
Shangzhi Huang,1,,,,
Ethylin W. Jabs,1,,,,
Bing Shi,1,,,,
Allen J. Wilcox,1,,,,
Sun Ha Jee,1,,,,
Alan F. Scott,1,,,,
Terri H. Beaty,1,,,,
Eve Nagler,1,,,,
Kasisomayajula Viswanath,2,,,,
Zibo Chen,1,,,,
Jackie Yen Tan,1,,,,
Yi Wen,1,,,,
Shengniao Niu,1,,,,
Sek-Man Wong,1,,,,
Junya Fujimoto,1,,,,
Humam Kadara,1,,,,
Taoyan Men,1,,,,
Carolyn van Pelt,1,,,,
Dafna Lotan,1,,,,
Reuben Lotan,1,,,,
Jose M. Martínez-Sánchez,1,,,,
Marcela Fu,1,,,,
Silvano Gallus,1,,,,
Cristina Martínez,1,,,,
Xisca Sureda,1,,,,
Carlo La Vecchia,1,,,,
Luke Clancy,1,,,,
Guillaume Airagnes,1,,,,
Cédric Lemogne,1,,,,
Nicolas Hoertel,1,,,,
Yves Roquelaure,1,,,,
Frédéric Limosin,1,,,,
Thomas M. Chappell,2,,,,
Amanda L. P. Beaudoin,2,,,,
George G. Kennedy,2,,,,
Pinaki Mondal,1,,,,
Sayantan Datta,1,,,,
Guru Prasad Maiti,1,,,,
Aradhita Baral,1,,,,
Ganga Nath Jha,1,,,,
Chinmay Kumar Panda,1,,,,
Shantanu Chowdhury,1,,,,
Saurabh Ghosh,1,,,,
Bidyut Roy,1,,,,
Susanta Roychoudhury,1,,,,
Yoon Hong Chun,1,,,,
Kyungdo Han,1,,,,
Yong-Gyu Park,1,,,,
Jong-seo Yoon,1,,,,
Hyun Hee Kim,1,,,,
Jin Tack Kim,1,,,,
Dae Chul Jeong,1,,,,
Rakesh Santhanam,1,,,,
Dorothea G. Meldau,1,,,,
Akanksha Sharma,1,,,,
Dilip Kumar,1,,,,
Sumit Kumar,1,,,,
Sakshi Rampuria,1,,,,
Attipalli R. Reddy,1,,,,
Pulugurtha Bharadwaja Kirti,1,,,,
Nelson Peña,1,,,,
Diego Carrillo,1,,,,
Juan P. Muñoz,1,,,,
Jonás Chnaiderman,1,,,,
Ulises Urzúa,1,,,,
Oscar León,1,,,,
Maria L. Tornesello,1,,,,
Alejandro H. Corvalán,1,,,,
Ricardo Soto-Rifo,1,,,,
Francisco Aguayo,1,,,,
Xiao-Qiang Zhao,1,,,,
Xuan-Li Nie,1,,,,
Yang-Wen-Ke Liao,1,,,,
Zeng-Hui Sun,1,,,,
Yan-Hong Zhou,1,,,,
Kai Shi,1,,,,
Xin Li,1,,,,
Guan-Qun Zhang,1,,,,
Xiao-Jian Xia,1,,,,
Zhi-Xiang Chen,1,,,,
Jing-Quan Yu,1,,,,
Rupesh Kumar,1,,,,
Avdhesh Kumar Rai,1,,,,
Debabrata Das,1,,,,
Rajjyoti Das,1,,,,
R. Suresh Kumar,1,,,,
Anupam Sarma,1,,,,
Shashi Sharma,1,,,,
Amal Chandra Kataki,1,,,,
Anand Ramteke,1,,,,
Sean G. Kelly,1,,,,
Michael Plankey,1,,,,
Wendy S. Post,1,,,,
Xiuhong Li,1,,,,
Ronald Stall,1,,,,
Lisa P. Jacobson,1,,,,
Mallory D. Witt,1,,,,
Lawrence Kingsley,1,,,,
Christopher Cox,1,,,,
Matthew Budoff,1,,,,
Frank J. Palella Jr.,1,,,,
Ranjini Valiathan,1,,,,
Maria J. Miguez,1,,,,
Bijal Patel,1,,,,
Kristopher L. Arheart,1,,,,
Deshratn Asthana,1,,,,
Jiajia Hou,1,,,,
Pingping Jiang,1,,,,
Shoumei Qi,1,,,,
Ke Zhang,1,,,,
Qiuxia He,1,,,,
Changzheng Xu,1,,,,
Zhaohua Ding,1,,,,
Kewei Zhang,1,,,,
Kunpeng Li,1,,,,
Carla M. R. Varanda,2,,,,
Marco Machado,2,,,,
Paulo Martel,2,,,,
Gustavo Nolasco,2,,,,
Maria I. E. Clara,2,,,,
Maria R. Félix,2,,,,
Padmavathy Amma Jayalekshmi,1,,,,
Paleth Gangadharan,1,,,,
Olalekan A. Ayo-Yusuf,1,,,,
Israel T. Agaku,1,,,,
Zongliang Xia,2,,,,
Yangyang Wei,1,,,,
Kaile Sun,2,,,,
Jianyu Wu,2,,,,
Yongxia Wang,1,,,,
Ke Wu,2,,,,
Jun Lv,1,,,,
Wei Chen,1,,,,
Dianjianyi Sun,1,,,,
Shengxu Li,1,,,,
Iona Y. Millwood,1,,,,
Margaret Smith,1,,,,
Yu Guo,1,,,,
Zheng Bian,1,,,,
Canqing Yu,1,,,,
Huiyan Zhou,1,,,,
Yunlong Tan,1,,,,
Junshi Chen,1,,,,
Zhengming Chen,1,,,,
Liming Li,1,,,,
China Kadoorie Biobank collaborative group ,1,,,,
Meng Li,1,,,,
Xiao-Juan Li,1,,,,
Yun-Lin Su,1,,,,
María P. Bertoglia,1,,,,
Juan G. Gormaz,1,,,,
Matías Libuy,1,,,,
Dérgica Sanhueza,1,,,,
Abraham Gajardo,1,,,,
Andrea Srur,1,,,,
Magdalena Wallbaum,1,,,,
Marcia Erazo,1,,,,
Mohd Masood,1,,,,
Theodore L. Caputi,1,,,,
Eric Leas,1,,,,
Mark Dredze,1,,,,
Joanna E. Cohen,1,,,,
John W. Ayers,1,,,,
Narendra Tuteja,1,,,,
Mst. Sufara Akhter Banu,1,,,,
Kazi Md. Kamrul Huda,1,,,,
Sarvajeet Singh Gill,1,,,,
Parul Jain,1,,,,
Xuan Hoi Pham,1,,,,
Renu Tuteja,1,,,,
Ramsey S. Lewis,1,,,,
Harry O. Lopez,1,,,,
Steve W. Bowen,1,,,,
Karen R. Andres,1,,,,
William T. Steede,1,,,,
Ralph E. Dewey,1,,,,
Mohammad Alamgir Kabir,1,,,,
Kim-Leng Goh,1,,,,
Sunny Mohammad Mostafa Kamal,1,,,,
Md. Mobarak Hossain Khan,1,,,,
Douglas Eadie,1,,,,
Anne Marie MacKintosh,1,,,,
Susan Murray,1,,,,
Catherine Best,1,,,,
Jamie Pearce,1,,,,
Catherine Tisch,1,,,,
Winfried van der Sluijs,1,,,,
Amanda Amos,1,,,,
Andy MacGregor,1,,,,
Sally Haw,1,,,,
Patrick Opiyo Owili,1,,,,
Miriam Adoyo Muga,1,,,,
Wen-Chi Pan,1,,,,
Hsien-Wen Kuo,1,,,,
Olivier Droulers,1,,,,
Karine Gallopel-Morvan,1,,,,
Sophie Lacoste-Badie,1,,,,
Mathieu Lajante,1,,,,
Takamitsu Kurusu,1,,,,
Katsunori Saito,1,,,,
Sonoko Horikoshi,1,,,,
Shigeru Hanamata,1,,,,
Juntaro Negi,1,,,,
Chikako Yagi,1,,,,
Nobutaka Kitahata,1,,,,
Koh Iba,1,,,,
Kazuyuki Kuchitsu,1,,,,
Joydeep Banerjee,1,,,,
Dipak Kumar Sahoo,1,,,,
Nrisingha Dey,1,,,,
Robert L. Houtz,1,,,,
Indu Bhushan Maiti,1,,,,
Vinay Kumar,1,,,,
Gireesh Nadda,1,,,,
Sanjay Kumar,1,,,,
Meiping Wang,1,,,,
Hua Zhang,1,,,,
Eli-Anne Skaug,1,,,,
Bjarne Nes,1,,,,
Stian Thoresen Aspenes,1,,,,
Øyvind Ellingsen,1,,,,
James E. McGuffey,1,,,,
Binnian Wei,1,,,,
John T. Bernert,1,,,,
John C. Morrow,1,,,,
Baoyun Xia,1,,,,
Lanqing Wang,1,,,,
Benjamin C. Blount,1,,,,
Jennifer Cantrell,1,,,,
Donna M. Vallone,1,,,,
James F. Thrasher,1,,,,
Rebekah H. Nagler,1,,,,
Shari P. Feirman,1,,,,
Larry R. Muenz,1,,,,
David Y. He,1,,,,
Evan C. Palmer-Young,1,,,,
Daniel Veit,1,,,,
Jonathan Gershenzon,1,,,,
Meredith C. Schuman,1,,,,
Antoine Bénard,1,,,,
Patrick Mercié,1,,,,
Ahmadou Alioum,1,,,,
Fabrice Bonnet,1,,,,
Estibaliz Lazaro,1,,,,
Michel Dupon,1,,,,
Didier Neau,1,,,,
François Dabis,1,,,,
Geneviève Chêne,1,,,,
the Groupe d'Epidémiologie Clinique du Sida en Aquitaine (GECSA) ,1,,,,
Marianne van der Mark,1,,,,
Peter C. G. Nijssen,1,,,,
Jelle Vlaanderen,1,,,,
Anke Huss,1,,,,
Wim M. Mulleners,1,,,,
Antonetta M. G. Sas,1,,,,
Teus van Laar,1,,,,
Hans Kromhout,1,,,,
Roel Vermeulen,1,,,,
Jayadeep Patra,1,,,,
Jürgen Rehm,1,,,,
Wilson Suraweera,1,,,,
Soujanya Kaup,1,,,,
Ansaba Naseer,1,,,,
Siddharudha Shivalli,1,,,,
Cynthia Arunachalam,1,,,,
Khalid Amari,1,,,,
Martin Di Donato,1,,,,
Valerian V. Dolja,1,,,,
Manfred Heinlein,2,,,,
Hannes Vogler,1,,,,
Myoung-Ok Kwon,1,,,,
Vy Dang,1,,,,
Adrian Sambade,1,,,,
Monika Fasler,1,,,,
Jamie Ashby,1,,,,
Hanako Shimura,1,,,,
Vitantonio Pantaleo,1,,,,
Takeaki Ishihara,1,,,,
Nobutoshi Myojo,1,,,,
Jun-ichi Inaba,1,,,,
Kae Sueda,1,,,,
József Burgyán,1,,,,
Chikara Masuta,1,,,,
Shoko Ueki,1,,,,
Roman Spektor,1,,,,
Danielle M. Natale,1,,,,
Vitaly Citovsky,1,,,,
Yu Jiang,1,,,,
Sai Chen,1,,,,
Daniel McGuire,1,,,,
Fang Chen,1,,,,
Mengzhen Liu,1,,,,
William G. Iacono,1,,,,
John K. Hewitt,1,,,,
John E. Hokanson,1,,,,
Kenneth Krauter,1,,,,
Markku Laakso,1,,,,
Kevin W. Li,1,,,,
Sharon M. Lutz,1,,,,
Matthew McGue,1,,,,
Anita Pandit,1,,,,
Gregory J. M. Zajac,1,,,,
Michael Boehnke,1,,,,
Goncalo R. Abecasis,1,,,,
Scott I. Vrieze,1,,,,
Xiaowei Zhan,1,,,,
Bibo Jiang,1,,,,
Dajiang J. Liu,1,,,,